subj_id,round_index,block,block_order,select_robot,human_speed_ms,robot_speed_ms,robot_errors_setting,steps_to_complete,round_total_time_ms,round_total_effort,round_total_errors,n_pushes,n_corrections,correction_time_ms,trial,prev_choice_robot,trial_in_block,post_switch,block_switch
1,1,1,"[1, 2]",1,3000,1000,6,12,25611,6,1,0,6,1202.0,1,,1,1,0
1,2,1,"[1, 2]",0,3000,1000,6,12,51365,12,0,12,0,,2,1.0,2,0,0
1,3,1,"[1, 2]",1,3000,1000,6,12,29041,6,1,0,6,1966.0,3,0.0,3,0,0
1,4,1,"[1, 2]",1,3000,1000,6,12,26531,6,1,0,6,1216.0,4,1.0,4,0,0
1,5,1,"[1, 2]",1,3000,1000,6,12,26500,6,1,0,6,1116.0,5,1.0,5,0,0
1,6,1,"[1, 2]",1,3000,1000,6,12,24780,6,1,0,6,1215.0,6,1.0,6,0,0
1,7,1,"[1, 2]",1,3000,1000,6,12,25867,6,1,0,6,1212.0,7,1.0,7,0,0
1,8,1,"[1, 2]",1,3000,1000,6,12,25131,6,1,0,6,2018.0,8,1.0,8,0,1
1,9,2,"[1, 2]",1,1000,3000,6,12,48402,6,1,0,6,1186.0,9,1.0,1,1,0
1,10,2,"[1, 2]",0,1000,3000,6,12,23419,12,0,12,0,,10,1.0,2,0,0
1,11,2,"[1, 2]",1,1000,3000,6,12,52806,6,1,0,6,1644.0,11,0.0,3,0,0
1,12,2,"[1, 2]",0,1000,3000,6,12,24426,12,0,12,0,,12,1.0,4,0,0
1,13,2,"[1, 2]",0,1000,3000,6,12,23901,12,0,12,0,,13,0.0,5,0,0
1,14,2,"[1, 2]",0,1000,3000,6,12,25660,12,0,12,0,,14,0.0,6,0,0
1,15,2,"[1, 2]",0,1000,3000,6,12,25434,12,0,12,0,,15,0.0,7,0,0
1,16,2,"[1, 2]",0,1000,3000,6,12,23699,12,0,12,0,,16,0.0,8,0,1
2,1,2,"[2, 1]",0,1000,3000,6,12,15100,12,0,12,0,,1,,1,1,0
2,2,2,"[2, 1]",1,1000,3000,6,12,45832,6,1,0,6,527.0,2,0.0,2,0,0
2,3,2,"[2, 1]",0,1000,3000,6,12,17401,12,0,12,0,,3,1.0,3,0,0
2,4,2,"[2, 1]",0,1000,3000,6,12,15099,12,0,12,0,,4,0.0,4,0,0
2,5,2,"[2, 1]",0,1000,3000,6,12,15701,12,0,12,0,,5,0.0,5,0,0
2,6,2,"[2, 1]",0,1000,3000,6,12,15686,12,0,12,0,,6,0.0,6,0,0
2,7,2,"[2, 1]",0,1000,3000,6,12,15787,12,0,12,0,,7,0.0,7,0,0
2,8,2,"[2, 1]",0,1000,3000,6,12,15617,12,0,12,0,,8,0.0,8,0,1
2,9,1,"[2, 1]",0,3000,1000,6,12,40782,12,0,12,0,,9,0.0,1,1,0
2,10,1,"[2, 1]",1,3000,1000,6,12,21632,6,1,0,6,929.0,10,0.0,2,0,0
2,11,1,"[2, 1]",1,3000,1000,6,12,20667,6,1,0,6,773.0,11,1.0,3,0,0
2,12,1,"[2, 1]",1,3000,1000,6,12,21500,6,1,0,6,995.0,12,1.0,4,0,0
2,13,1,"[2, 1]",1,3000,1000,6,12,21299,6,1,0,6,741.0,13,1.0,5,0,0
2,14,1,"[2, 1]",1,3000,1000,6,12,19817,6,1,0,6,775.0,14,1.0,6,0,0
2,15,1,"[2, 1]",1,3000,1000,6,12,20766,6,1,0,6,991.0,15,1.0,7,0,0
2,16,1,"[2, 1]",1,3000,1000,6,12,21268,6,1,0,6,856.0,16,1.0,8,0,1
3,1,2,"[2, 1]",1,1000,3000,6,12,82865,6,1,0,6,1838.0,1,,1,1,0
3,2,2,"[2, 1]",0,1000,3000,6,12,16491,12,0,12,0,,2,1.0,2,0,0
3,3,2,"[2, 1]",1,1000,3000,6,12,99403,6,1,0,6,40978.0,3,0.0,3,0,0
3,4,2,"[2, 1]",0,1000,3000,6,12,18315,12,0,12,0,,4,1.0,4,0,0
3,5,2,"[2, 1]",0,1000,3000,6,12,17728,12,0,12,0,,5,0.0,5,0,0
3,6,2,"[2, 1]",0,1000,3000,6,12,20462,12,0,12,0,,6,0.0,6,0,0
3,7,2,"[2, 1]",0,1000,3000,6,12,19660,12,0,12,0,,7,0.0,7,0,0
3,8,2,"[2, 1]",0,1000,3000,6,12,18034,12,0,12,0,,8,0.0,8,0,1
3,9,1,"[2, 1]",0,3000,1000,6,12,58580,12,0,12,0,,9,0.0,1,1,0
3,10,1,"[2, 1]",1,3000,1000,6,12,21392,6,1,0,6,1373.0,10,0.0,2,0,0
3,11,1,"[2, 1]",1,3000,1000,6,12,24472,6,1,0,6,1085.0,11,1.0,3,0,0
3,12,1,"[2, 1]",1,3000,1000,6,12,19215,6,1,0,6,755.0,12,1.0,4,0,0
3,13,1,"[2, 1]",1,3000,1000,6,12,36586,6,1,0,6,572.0,13,1.0,5,0,0
3,14,1,"[2, 1]",1,3000,1000,6,12,19463,6,1,0,6,426.0,14,1.0,6,0,0
3,15,1,"[2, 1]",1,3000,1000,6,12,30245,6,1,0,6,554.0,15,1.0,7,0,0
3,16,1,"[2, 1]",1,3000,1000,6,12,22722,6,1,0,6,812.0,16,1.0,8,0,1
4,1,2,"[2, 1]",0,1000,3000,6,12,18252,12,0,12,0,,1,,1,1,0
4,2,2,"[2, 1]",1,1000,3000,6,12,49474,6,1,0,6,1446.0,2,0.0,2,0,0
4,3,2,"[2, 1]",1,1000,3000,6,12,49204,6,1,0,6,547.0,3,1.0,3,0,0
4,4,2,"[2, 1]",0,1000,3000,6,12,17939,12,0,12,0,,4,1.0,4,0,0
4,5,2,"[2, 1]",0,1000,3000,6,12,17729,12,0,12,0,,5,0.0,5,0,0
4,6,2,"[2, 1]",0,1000,3000,6,12,18335,12,0,12,0,,6,0.0,6,0,0
4,7,2,"[2, 1]",1,1000,3000,6,12,47091,6,1,0,6,1068.0,7,0.0,7,0,0
4,8,2,"[2, 1]",0,1000,3000,6,12,17547,12,0,12,0,,8,1.0,8,0,1
4,9,1,"[2, 1]",0,3000,1000,6,12,43566,12,0,12,0,,9,0.0,1,1,0
4,10,1,"[2, 1]",1,3000,1000,6,12,25740,6,1,0,6,1263.0,10,0.0,2,0,0
4,11,1,"[2, 1]",1,3000,1000,6,12,26308,6,1,0,6,1346.0,11,1.0,3,0,0
4,12,1,"[2, 1]",0,3000,1000,6,12,44282,12,0,12,0,,12,1.0,4,0,0
4,13,1,"[2, 1]",1,3000,1000,6,12,24182,6,1,0,6,781.0,13,0.0,5,0,0
4,14,1,"[2, 1]",1,3000,1000,6,12,21923,6,1,0,6,695.0,14,1.0,6,0,0
4,15,1,"[2, 1]",1,3000,1000,6,12,24205,6,1,0,6,1659.0,15,1.0,7,0,0
4,16,1,"[2, 1]",1,3000,1000,6,12,23296,6,1,0,6,529.0,16,1.0,8,0,1
5,1,1,"[1, 2]",1,3000,1000,6,12,21257,6,1,0,6,743.0,1,,1,1,0
5,2,1,"[1, 2]",0,3000,1000,6,12,42147,12,0,12,0,,2,1.0,2,0,0
5,3,1,"[1, 2]",1,3000,1000,6,12,22576,6,1,0,6,542.0,3,0.0,3,0,0
5,4,1,"[1, 2]",1,3000,1000,6,12,19428,6,1,0,6,638.0,4,1.0,4,0,0
5,5,1,"[1, 2]",1,3000,1000,6,12,20586,6,1,0,6,1542.0,5,1.0,5,0,0
5,6,1,"[1, 2]",1,3000,1000,6,12,21137,6,1,0,6,595.0,6,1.0,6,0,0
5,7,1,"[1, 2]",1,3000,1000,6,12,20774,6,1,0,6,724.0,7,1.0,7,0,0
5,8,1,"[1, 2]",1,3000,1000,6,12,20891,6,1,0,6,541.0,8,1.0,8,0,1
5,9,2,"[1, 2]",0,1000,3000,6,12,17793,12,0,12,0,,9,1.0,1,1,0
5,10,2,"[1, 2]",1,1000,3000,6,12,45068,6,1,0,6,740.0,10,0.0,2,0,0
5,11,2,"[1, 2]",0,1000,3000,6,12,17201,12,0,12,0,,11,1.0,3,0,0
5,12,2,"[1, 2]",0,1000,3000,6,12,16647,12,0,12,0,,12,0.0,4,0,0
5,13,2,"[1, 2]",0,1000,3000,6,12,17285,12,0,12,0,,13,0.0,5,0,0
5,14,2,"[1, 2]",0,1000,3000,6,12,16443,12,0,12,0,,14,0.0,6,0,0
5,15,2,"[1, 2]",0,1000,3000,6,12,16285,12,0,12,0,,15,0.0,7,0,0
5,16,2,"[1, 2]",0,1000,3000,6,12,18050,12,0,12,0,,16,0.0,8,0,1
6,1,2,"[2, 1]",0,1000,3000,6,12,17191,12,0,12,0,,1,,1,1,0
6,2,2,"[2, 1]",1,1000,3000,6,12,51260,6,1,0,6,675.0,2,0.0,2,0,0
6,3,2,"[2, 1]",0,1000,3000,6,12,19878,12,0,12,0,,3,1.0,3,0,0
6,4,2,"[2, 1]",0,1000,3000,6,12,18746,12,0,12,0,,4,0.0,4,0,0
6,5,2,"[2, 1]",0,1000,3000,6,12,17738,12,0,12,0,,5,0.0,5,0,0
6,6,2,"[2, 1]",0,1000,3000,6,12,19326,12,0,12,0,,6,0.0,6,0,0
6,7,2,"[2, 1]",0,1000,3000,6,12,22842,12,0,12,0,,7,0.0,7,0,0
6,8,2,"[2, 1]",0,1000,3000,6,12,15556,12,0,12,0,,8,0.0,8,0,1
6,9,1,"[2, 1]",0,3000,1000,6,12,44764,12,0,12,0,,9,0.0,1,1,0
6,10,1,"[2, 1]",1,3000,1000,6,12,22051,6,1,0,6,1341.0,10,0.0,2,0,0
6,11,1,"[2, 1]",1,3000,1000,6,12,24962,6,1,0,6,892.0,11,1.0,3,0,0
6,12,1,"[2, 1]",1,3000,1000,6,12,30342,6,1,0,6,741.0,12,1.0,4,0,0
6,13,1,"[2, 1]",1,3000,1000,6,12,37109,6,1,0,6,2054.0,13,1.0,5,0,0
6,14,1,"[2, 1]",1,3000,1000,6,12,19231,6,1,0,6,558.0,14,1.0,6,0,0
6,15,1,"[2, 1]",1,3000,1000,6,12,17519,6,1,0,6,465.0,15,1.0,7,0,0
6,16,1,"[2, 1]",1,3000,1000,6,12,18450,6,1,0,6,880.0,16,1.0,8,0,1
7,1,2,"[2, 1]",0,1000,3000,6,12,15647,12,0,12,0,,1,,1,1,0
7,2,2,"[2, 1]",1,1000,3000,6,12,50274,6,1,0,6,874.0,2,0.0,2,0,0
7,3,2,"[2, 1]",0,1000,3000,6,12,16804,12,0,12,0,,3,1.0,3,0,0
7,4,2,"[2, 1]",0,1000,3000,6,12,16664,12,0,12,0,,4,0.0,4,0,0
7,5,2,"[2, 1]",0,1000,3000,6,12,17545,12,0,12,0,,5,0.0,5,0,0
7,6,2,"[2, 1]",0,1000,3000,6,12,15973,12,0,12,0,,6,0.0,6,0,0
7,7,2,"[2, 1]",0,1000,3000,6,12,15560,12,0,12,0,,7,0.0,7,0,0
7,8,2,"[2, 1]",0,1000,3000,6,12,16423,12,0,12,0,,8,0.0,8,0,1
7,9,1,"[2, 1]",0,3000,1000,6,12,41813,12,0,12,0,,9,0.0,1,1,0
7,10,1,"[2, 1]",1,3000,1000,6,12,26482,6,1,0,6,1645.0,10,0.0,2,0,0
7,11,1,"[2, 1]",1,3000,1000,6,12,23331,6,1,0,6,857.0,11,1.0,3,0,0
7,12,1,"[2, 1]",0,3000,1000,6,12,42422,12,0,12,0,,12,1.0,4,0,0
7,13,1,"[2, 1]",1,3000,1000,6,12,23802,6,1,0,6,622.0,13,0.0,5,0,0
7,14,1,"[2, 1]",1,3000,1000,6,12,23203,6,1,0,6,565.0,14,1.0,6,0,0
7,15,1,"[2, 1]",1,3000,1000,6,12,23721,6,1,0,6,1626.0,15,1.0,7,0,0
7,16,1,"[2, 1]",1,3000,1000,6,12,22782,6,1,0,6,955.0,16,1.0,8,0,1
8,1,1,"[1, 2]",0,3000,1000,6,12,41340,12,0,12,0,,1,,1,1,0
8,2,1,"[1, 2]",1,3000,1000,6,12,20902,6,1,0,6,602.0,2,0.0,2,0,0
8,3,1,"[1, 2]",1,3000,1000,6,12,19269,6,1,0,6,457.0,3,1.0,3,0,0
8,4,1,"[1, 2]",1,3000,1000,6,12,19595,6,1,0,6,448.0,4,1.0,4,0,0
8,5,1,"[1, 2]",1,3000,1000,6,12,19533,6,1,0,6,473.0,5,1.0,5,0,0
8,6,1,"[1, 2]",1,3000,1000,6,12,18409,6,1,0,6,470.0,6,1.0,6,0,0
8,7,1,"[1, 2]",1,3000,1000,6,12,18939,6,1,0,6,426.0,7,1.0,7,0,0
8,8,1,"[1, 2]",1,3000,1000,6,12,19451,6,1,0,6,495.0,8,1.0,8,0,1
8,9,2,"[1, 2]",1,1000,3000,6,12,43466,6,1,0,6,386.0,9,1.0,1,1,0
8,10,2,"[1, 2]",0,1000,3000,6,12,16583,12,0,12,0,,10,1.0,2,0,0
8,11,2,"[1, 2]",0,1000,3000,6,12,16539,12,0,12,0,,11,0.0,3,0,0
8,12,2,"[1, 2]",0,1000,3000,6,12,15642,12,0,12,0,,12,0.0,4,0,0
8,13,2,"[1, 2]",0,1000,3000,6,12,17576,12,0,12,0,,13,0.0,5,0,0
8,14,2,"[1, 2]",0,1000,3000,6,12,19977,12,0,12,0,,14,0.0,6,0,0
8,15,2,"[1, 2]",0,1000,3000,6,12,18898,12,0,12,0,,15,0.0,7,0,0
8,16,2,"[1, 2]",0,1000,3000,6,12,16315,12,0,12,0,,16,0.0,8,0,1
9,1,1,"[1, 2]",1,3000,1000,6,12,32862,6,1,0,6,2224.0,1,,1,1,0
9,2,1,"[1, 2]",1,3000,1000,6,12,24491,6,1,0,6,814.0,2,1.0,2,0,0
9,3,1,"[1, 2]",1,3000,1000,6,12,21052,6,1,0,6,579.0,3,1.0,3,0,0
9,4,1,"[1, 2]",0,3000,1000,6,12,43703,12,0,12,0,,4,1.0,4,0,0
9,5,1,"[1, 2]",1,3000,1000,6,12,30963,6,1,0,6,3065.0,5,0.0,5,0,0
9,6,1,"[1, 2]",1,3000,1000,6,12,30353,6,1,0,6,5978.0,6,1.0,6,0,0
9,7,1,"[1, 2]",1,3000,1000,6,12,23185,6,1,0,6,1794.0,7,1.0,7,0,0
9,8,1,"[1, 2]",1,3000,1000,6,12,21299,6,1,0,6,696.0,8,1.0,8,0,1
9,9,2,"[1, 2]",1,1000,3000,6,12,52601,6,1,0,6,1278.0,9,1.0,1,1,0
9,10,2,"[1, 2]",1,1000,3000,6,12,71419,6,1,0,6,832.0,10,1.0,2,0,0
9,11,2,"[1, 2]",0,1000,3000,6,12,18657,12,0,12,0,,11,1.0,3,0,0
9,12,2,"[1, 2]",1,1000,3000,6,12,54175,6,1,0,6,1640.0,12,0.0,4,0,0
9,13,2,"[1, 2]",1,1000,3000,6,12,46165,6,1,0,6,1411.0,13,1.0,5,0,0
9,14,2,"[1, 2]",1,1000,3000,6,12,49108,6,1,0,6,2165.0,14,1.0,6,0,0
9,15,2,"[1, 2]",1,1000,3000,6,12,67165,6,1,0,6,12558.0,15,1.0,7,0,0
9,16,2,"[1, 2]",1,1000,3000,6,12,68517,6,1,0,6,836.0,16,1.0,8,0,1
10,1,2,"[2, 1]",1,1000,3000,6,12,42706,6,1,0,6,519.0,1,,1,1,0
10,2,2,"[2, 1]",0,1000,3000,6,12,17444,12,0,12,0,,2,1.0,2,0,0
10,3,2,"[2, 1]",0,1000,3000,6,12,16964,12,0,12,0,,3,0.0,3,0,0
10,4,2,"[2, 1]",0,1000,3000,6,12,15604,12,0,12,0,,4,0.0,4,0,0
10,5,2,"[2, 1]",0,1000,3000,6,12,15787,12,0,12,0,,5,0.0,5,0,0
10,6,2,"[2, 1]",0,1000,3000,6,12,16564,12,0,12,0,,6,0.0,6,0,0
10,7,2,"[2, 1]",0,1000,3000,6,12,15575,12,0,12,0,,7,0.0,7,0,0
10,8,2,"[2, 1]",1,1000,3000,6,12,44378,6,1,0,6,569.0,8,0.0,8,0,1
10,9,1,"[2, 1]",0,3000,1000,6,12,42056,12,0,12,0,,9,1.0,1,1,0
10,10,1,"[2, 1]",1,3000,1000,6,12,20198,6,1,0,6,988.0,10,0.0,2,0,0
10,11,1,"[2, 1]",1,3000,1000,6,12,19363,6,1,0,6,926.0,11,1.0,3,0,0
10,12,1,"[2, 1]",1,3000,1000,6,12,19466,6,1,0,6,897.0,12,1.0,4,0,0
10,13,1,"[2, 1]",1,3000,1000,6,12,20008,6,1,0,6,1349.0,13,1.0,5,0,0
10,14,1,"[2, 1]",1,3000,1000,6,12,18397,6,1,0,6,992.0,14,1.0,6,0,0
10,15,1,"[2, 1]",1,3000,1000,6,12,19160,6,1,0,6,1107.0,15,1.0,7,0,0
10,16,1,"[2, 1]",1,3000,1000,6,12,19607,6,1,0,6,1201.0,16,1.0,8,0,1
11,1,1,"[1, 2]",1,3000,1000,6,12,23173,6,1,0,6,569.0,1,,1,1,0
11,2,1,"[1, 2]",1,3000,1000,6,12,20175,6,1,0,6,716.0,2,1.0,2,0,0
11,3,1,"[1, 2]",1,3000,1000,6,12,20380,6,1,0,6,497.0,3,1.0,3,0,0
11,4,1,"[1, 2]",1,3000,1000,6,12,19805,6,1,0,6,529.0,4,1.0,4,0,0
11,5,1,"[1, 2]",1,3000,1000,6,12,19877,6,1,0,6,545.0,5,1.0,5,0,0
11,6,1,"[1, 2]",0,3000,1000,6,12,43349,12,0,12,0,,6,1.0,6,0,0
11,7,1,"[1, 2]",1,3000,1000,6,12,20313,6,1,0,6,465.0,7,0.0,7,0,0
11,8,1,"[1, 2]",1,3000,1000,6,12,19648,6,1,0,6,536.0,8,1.0,8,0,1
11,9,2,"[1, 2]",1,1000,3000,6,12,44949,6,1,0,6,498.0,9,1.0,1,1,0
11,10,2,"[1, 2]",0,1000,3000,6,12,18858,12,0,12,0,,10,1.0,2,0,0
11,11,2,"[1, 2]",0,1000,3000,6,12,18387,12,0,12,0,,11,0.0,3,0,0
11,12,2,"[1, 2]",0,1000,3000,6,12,20672,12,0,12,0,,12,0.0,4,0,0
11,13,2,"[1, 2]",0,1000,3000,6,12,16408,12,0,12,0,,13,0.0,5,0,0
11,14,2,"[1, 2]",0,1000,3000,6,12,17633,12,0,12,0,,14,0.0,6,0,0
11,15,2,"[1, 2]",0,1000,3000,6,12,16322,12,0,12,0,,15,0.0,7,0,0
11,16,2,"[1, 2]",1,1000,3000,6,12,47337,6,1,0,6,831.0,16,0.0,8,0,1
12,1,1,"[1, 2]",1,3000,1000,6,12,21810,6,1,0,6,856.0,1,,1,1,0
12,2,1,"[1, 2]",0,3000,1000,6,12,44589,12,0,12,0,,2,1.0,2,0,0
12,3,1,"[1, 2]",1,3000,1000,6,12,20713,6,1,0,6,773.0,3,0.0,3,0,0
12,4,1,"[1, 2]",1,3000,1000,6,12,22275,6,1,0,6,588.0,4,1.0,4,0,0
12,5,1,"[1, 2]",1,3000,1000,6,12,21382,6,1,0,6,697.0,5,1.0,5,0,0
12,6,1,"[1, 2]",1,3000,1000,6,12,21261,6,1,0,6,720.0,6,1.0,6,0,0
12,7,1,"[1, 2]",1,3000,1000,6,12,21196,6,1,0,6,902.0,7,1.0,7,0,0
12,8,1,"[1, 2]",1,3000,1000,6,12,21365,6,1,0,6,626.0,8,1.0,8,0,1
12,9,2,"[1, 2]",1,1000,3000,6,12,46909,6,1,0,6,882.0,9,1.0,1,1,0
12,10,2,"[1, 2]",0,1000,3000,6,12,19345,12,0,12,0,,10,1.0,2,0,0
12,11,2,"[1, 2]",0,1000,3000,6,12,19946,12,0,12,0,,11,0.0,3,0,0
12,12,2,"[1, 2]",0,1000,3000,6,12,18905,12,0,12,0,,12,0.0,4,0,0
12,13,2,"[1, 2]",0,1000,3000,6,12,18144,12,0,12,0,,13,0.0,5,0,0
12,14,2,"[1, 2]",0,1000,3000,6,12,16896,12,0,12,0,,14,0.0,6,0,0
12,15,2,"[1, 2]",0,1000,3000,6,12,17453,12,0,12,0,,15,0.0,7,0,0
12,16,2,"[1, 2]",0,1000,3000,6,12,16898,12,0,12,0,,16,0.0,8,0,1
13,1,1,"[1, 2]",1,3000,1000,6,12,30083,6,1,0,6,2598.0,1,,1,1,0
13,2,1,"[1, 2]",0,3000,1000,6,12,40053,12,0,12,0,,2,1.0,2,0,0
13,3,1,"[1, 2]",1,3000,1000,6,12,28862,6,1,0,6,909.0,3,0.0,3,0,0
13,4,1,"[1, 2]",1,3000,1000,6,12,25414,6,1,0,6,866.0,4,1.0,4,0,0
13,5,1,"[1, 2]",1,3000,1000,6,12,26660,6,1,0,6,1183.0,5,1.0,5,0,0
13,6,1,"[1, 2]",1,3000,1000,6,12,26959,6,1,0,6,867.0,6,1.0,6,0,0
13,7,1,"[1, 2]",1,3000,1000,6,12,31337,6,1,0,6,4297.0,7,1.0,7,0,0
13,8,1,"[1, 2]",1,3000,1000,6,12,27159,6,1,0,6,801.0,8,1.0,8,0,1
13,9,2,"[1, 2]",1,1000,3000,6,12,52674,6,1,0,6,767.0,9,1.0,1,1,0
13,10,2,"[1, 2]",1,1000,3000,6,12,49129,6,1,0,6,918.0,10,1.0,2,0,0
13,11,2,"[1, 2]",0,1000,3000,6,12,17694,12,0,12,0,,11,1.0,3,0,0
13,12,2,"[1, 2]",0,1000,3000,6,12,20997,12,0,12,0,,12,0.0,4,0,0
13,13,2,"[1, 2]",0,1000,3000,6,12,19350,12,0,12,0,,13,0.0,5,0,0
13,14,2,"[1, 2]",0,1000,3000,6,12,22126,12,0,12,0,,14,0.0,6,0,0
13,15,2,"[1, 2]",0,1000,3000,6,12,21224,12,0,12,0,,15,0.0,7,0,0
13,16,2,"[1, 2]",0,1000,3000,6,12,20113,12,0,12,0,,16,0.0,8,0,1
14,1,1,"[1, 2]",1,3000,1000,6,12,43817,6,1,0,6,4948.0,1,,1,1,0
14,2,1,"[1, 2]",1,3000,1000,6,12,31393,6,1,0,6,1963.0,2,1.0,2,0,0
14,3,1,"[1, 2]",0,3000,1000,6,12,45069,12,0,12,0,,3,1.0,3,0,0
14,4,1,"[1, 2]",0,3000,1000,6,12,45120,12,0,12,0,,4,0.0,4,0,0
14,5,1,"[1, 2]",0,3000,1000,6,12,44467,12,0,12,0,,5,0.0,5,0,0
14,6,1,"[1, 2]",0,3000,1000,6,12,45528,12,0,12,0,,6,0.0,6,0,0
14,7,1,"[1, 2]",0,3000,1000,6,12,49294,12,0,12,0,,7,0.0,7,0,0
14,8,1,"[1, 2]",0,3000,1000,6,12,47956,12,0,12,0,,8,0.0,8,0,1
14,9,2,"[1, 2]",1,1000,3000,6,12,51237,6,1,0,6,1638.0,9,0.0,1,1,0
14,10,2,"[1, 2]",0,1000,3000,6,12,21154,12,0,12,0,,10,1.0,2,0,0
14,11,2,"[1, 2]",0,1000,3000,6,12,21025,12,0,12,0,,11,0.0,3,0,0
14,12,2,"[1, 2]",0,1000,3000,6,12,20384,12,0,12,0,,12,0.0,4,0,0
14,13,2,"[1, 2]",0,1000,3000,6,12,20335,12,0,12,0,,13,0.0,5,0,0
14,14,2,"[1, 2]",0,1000,3000,6,12,21422,12,0,12,0,,14,0.0,6,0,0
14,15,2,"[1, 2]",1,1000,3000,6,12,56699,6,1,0,6,1463.0,15,0.0,7,0,0
14,16,2,"[1, 2]",0,1000,3000,6,12,23346,12,0,12,0,,16,1.0,8,0,1
15,1,1,"[1, 2]",0,3000,1000,6,12,39606,12,0,12,0,,1,,1,1,0
15,2,1,"[1, 2]",1,3000,1000,6,12,19612,6,1,0,6,516.0,2,0.0,2,0,0
15,3,1,"[1, 2]",1,3000,1000,6,12,20670,6,1,0,6,392.0,3,1.0,3,0,0
15,4,1,"[1, 2]",1,3000,1000,6,12,19372,6,1,0,6,584.0,4,1.0,4,0,0
15,5,1,"[1, 2]",1,3000,1000,6,12,19628,6,1,0,6,401.0,5,1.0,5,0,0
15,6,1,"[1, 2]",1,3000,1000,6,12,19019,6,1,0,6,399.0,6,1.0,6,0,0
15,7,1,"[1, 2]",1,3000,1000,6,12,19217,6,1,0,6,376.0,7,1.0,7,0,0
15,8,1,"[1, 2]",1,3000,1000,6,12,18546,6,1,0,6,431.0,8,1.0,8,0,1
15,9,2,"[1, 2]",1,1000,3000,6,12,42817,6,1,0,6,550.0,9,1.0,1,1,0
15,10,2,"[1, 2]",0,1000,3000,6,12,14476,12,0,12,0,,10,1.0,2,0,0
15,11,2,"[1, 2]",0,1000,3000,6,12,14740,12,0,12,0,,11,0.0,3,0,0
15,12,2,"[1, 2]",0,1000,3000,6,12,14183,12,0,12,0,,12,0.0,4,0,0
15,13,2,"[1, 2]",0,1000,3000,6,12,14137,12,0,12,0,,13,0.0,5,0,0
15,14,2,"[1, 2]",0,1000,3000,6,12,14444,12,0,12,0,,14,0.0,6,0,0
15,15,2,"[1, 2]",0,1000,3000,6,12,14301,12,0,12,0,,15,0.0,7,0,0
15,16,2,"[1, 2]",0,1000,3000,6,12,13427,12,0,12,0,,16,0.0,8,0,1
16,1,2,"[2, 1]",1,1000,3000,6,12,49372,6,1,0,6,1151.0,1,,1,1,0
16,2,2,"[2, 1]",0,1000,3000,6,12,17254,12,0,12,0,,2,1.0,2,0,0
16,3,2,"[2, 1]",0,1000,3000,6,12,18473,12,0,12,0,,3,0.0,3,0,0
16,4,2,"[2, 1]",0,1000,3000,6,12,18189,12,0,12,0,,4,0.0,4,0,0
16,5,2,"[2, 1]",0,1000,3000,6,12,18758,12,0,12,0,,5,0.0,5,0,0
16,6,2,"[2, 1]",0,1000,3000,6,12,19872,12,0,12,0,,6,0.0,6,0,0
16,7,2,"[2, 1]",0,1000,3000,6,12,18759,12,0,12,0,,7,0.0,7,0,0
16,8,2,"[2, 1]",0,1000,3000,6,12,17760,12,0,12,0,,8,0.0,8,0,1
16,9,1,"[2, 1]",0,3000,1000,6,12,45281,12,0,12,0,,9,0.0,1,1,0
16,10,1,"[2, 1]",1,3000,1000,6,12,22972,6,1,0,6,851.0,10,0.0,2,0,0
16,11,1,"[2, 1]",1,3000,1000,6,12,20791,6,1,0,6,712.0,11,1.0,3,0,0
16,12,1,"[2, 1]",1,3000,1000,6,12,22627,6,1,0,6,2296.0,12,1.0,4,0,0
16,13,1,"[2, 1]",1,3000,1000,6,12,21751,6,1,0,6,748.0,13,1.0,5,0,0
16,14,1,"[2, 1]",1,3000,1000,6,12,23662,6,1,0,6,1784.0,14,1.0,6,0,0
16,15,1,"[2, 1]",1,3000,1000,6,12,21848,6,1,0,6,2119.0,15,1.0,7,0,0
16,16,1,"[2, 1]",1,3000,1000,6,12,24508,6,1,0,6,2190.0,16,1.0,8,0,1
17,1,2,"[2, 1]",1,1000,3000,6,12,48441,6,1,0,6,1103.0,1,,1,1,0
17,2,2,"[2, 1]",0,1000,3000,6,12,17256,12,0,12,0,,2,1.0,2,0,0
17,3,2,"[2, 1]",0,1000,3000,6,12,18126,12,0,12,0,,3,0.0,3,0,0
17,4,2,"[2, 1]",0,1000,3000,6,12,18618,12,0,12,0,,4,0.0,4,0,0
17,5,2,"[2, 1]",0,1000,3000,6,12,18841,12,0,12,0,,5,0.0,5,0,0
17,6,2,"[2, 1]",0,1000,3000,6,12,19913,12,0,12,0,,6,0.0,6,0,0
17,7,2,"[2, 1]",0,1000,3000,6,12,18571,12,0,12,0,,7,0.0,7,0,0
17,8,2,"[2, 1]",0,1000,3000,6,12,19002,12,0,12,0,,8,0.0,8,0,1
17,9,1,"[2, 1]",0,3000,1000,6,12,45727,12,0,12,0,,9,0.0,1,1,0
17,10,1,"[2, 1]",1,3000,1000,6,12,24432,6,1,0,6,1596.0,10,0.0,2,0,0
17,11,1,"[2, 1]",1,3000,1000,6,12,21388,6,1,0,6,884.0,11,1.0,3,0,0
17,12,1,"[2, 1]",1,3000,1000,6,12,22636,6,1,0,6,924.0,12,1.0,4,0,0
17,13,1,"[2, 1]",1,3000,1000,6,12,23287,6,1,0,6,681.0,13,1.0,5,0,0
17,14,1,"[2, 1]",1,3000,1000,6,12,24553,6,1,0,6,1801.0,14,1.0,6,0,0
17,15,1,"[2, 1]",1,3000,1000,6,12,22610,6,1,0,6,1385.0,15,1.0,7,0,0
17,16,1,"[2, 1]",1,3000,1000,6,12,22657,6,1,0,6,1350.0,16,1.0,8,0,1
18,1,1,"[1, 2]",1,3000,1000,6,12,23926,6,1,0,6,1481.0,1,,1,1,0
18,2,1,"[1, 2]",1,3000,1000,6,12,23010,6,1,0,6,1020.0,2,1.0,2,0,0
18,3,1,"[1, 2]",1,3000,1000,6,12,21000,6,1,0,6,560.0,3,1.0,3,0,0
18,4,1,"[1, 2]",0,3000,1000,6,12,42706,12,0,12,0,,4,1.0,4,0,0
18,5,1,"[1, 2]",1,3000,1000,6,12,28274,6,1,0,6,2304.0,5,0.0,5,0,0
18,6,1,"[1, 2]",1,3000,1000,6,12,22012,6,1,0,6,1434.0,6,1.0,6,0,0
18,7,1,"[1, 2]",1,3000,1000,6,12,21030,6,1,0,6,1004.0,7,1.0,7,0,0
18,8,1,"[1, 2]",1,3000,1000,6,12,21430,6,1,0,6,1039.0,8,1.0,8,0,1
18,9,2,"[1, 2]",1,1000,3000,6,12,49537,6,1,0,6,1851.0,9,1.0,1,1,0
18,10,2,"[1, 2]",0,1000,3000,6,12,14922,12,0,12,0,,10,1.0,2,0,0
18,11,2,"[1, 2]",0,1000,3000,6,12,15222,12,0,12,0,,11,0.0,3,0,0
18,12,2,"[1, 2]",0,1000,3000,6,12,15695,12,0,12,0,,12,0.0,4,0,0
18,13,2,"[1, 2]",0,1000,3000,6,12,15700,12,0,12,0,,13,0.0,5,0,0
18,14,2,"[1, 2]",0,1000,3000,6,12,14905,12,0,12,0,,14,0.0,6,0,0
18,15,2,"[1, 2]",0,1000,3000,6,12,15089,12,0,12,0,,15,0.0,7,0,0
18,16,2,"[1, 2]",0,1000,3000,6,12,16143,12,0,12,0,,16,0.0,8,0,1
19,1,2,"[2, 1]",0,1000,3000,6,12,18210,12,0,12,0,,1,,1,1,0
19,2,2,"[2, 1]",1,1000,3000,6,12,57580,6,1,0,6,1589.0,2,0.0,2,0,0
19,3,2,"[2, 1]",0,1000,3000,6,12,18278,12,0,12,0,,3,1.0,3,0,0
19,4,2,"[2, 1]",1,1000,3000,6,12,54260,6,1,0,6,2012.0,4,0.0,4,0,0
19,5,2,"[2, 1]",0,1000,3000,6,12,18858,12,0,12,0,,5,1.0,5,0,0
19,6,2,"[2, 1]",0,1000,3000,6,12,18992,12,0,12,0,,6,0.0,6,0,0
19,7,2,"[2, 1]",0,1000,3000,6,12,17624,12,0,12,0,,7,0.0,7,0,0
19,8,2,"[2, 1]",1,1000,3000,6,12,54571,6,1,0,6,1449.0,8,0.0,8,0,1
19,9,1,"[2, 1]",1,3000,1000,6,12,29564,6,1,0,6,1252.0,9,1.0,1,1,0
19,10,1,"[2, 1]",0,3000,1000,6,12,42821,12,0,12,0,,10,1.0,2,0,0
19,11,1,"[2, 1]",1,3000,1000,6,12,28896,6,1,0,6,1850.0,11,0.0,3,0,0
19,12,1,"[2, 1]",0,3000,1000,6,12,43009,12,0,12,0,,12,1.0,4,0,0
19,13,1,"[2, 1]",0,3000,1000,6,12,45282,12,0,12,0,,13,0.0,5,0,0
19,14,1,"[2, 1]",1,3000,1000,6,12,26379,6,1,0,6,1202.0,14,0.0,6,0,0
19,15,1,"[2, 1]",1,3000,1000,6,12,30885,6,1,0,6,2387.0,15,1.0,7,0,0
19,16,1,"[2, 1]",0,3000,1000,6,12,44608,12,0,12,0,,16,1.0,8,0,1
20,1,2,"[2, 1]",1,1000,3000,6,12,50524,6,1,0,6,1257.0,1,,1,1,0
20,2,2,"[2, 1]",0,1000,3000,6,12,20039,12,0,12,0,,2,1.0,2,0,0
20,3,2,"[2, 1]",0,1000,3000,6,12,18517,12,0,12,0,,3,0.0,3,0,0
20,4,2,"[2, 1]",1,1000,3000,6,12,48880,6,1,0,6,1027.0,4,0.0,4,0,0
20,5,2,"[2, 1]",0,1000,3000,6,12,18568,12,0,12,0,,5,1.0,5,0,0
20,6,2,"[2, 1]",0,1000,3000,6,12,18703,12,0,12,0,,6,0.0,6,0,0
20,7,2,"[2, 1]",0,1000,3000,6,12,18451,12,0,12,0,,7,0.0,7,0,0
20,8,2,"[2, 1]",0,1000,3000,6,12,18064,12,0,12,0,,8,0.0,8,0,1
20,9,1,"[2, 1]",0,3000,1000,6,12,43083,12,0,12,0,,9,0.0,1,1,0
20,10,1,"[2, 1]",1,3000,1000,6,12,26150,6,1,0,6,1225.0,10,0.0,2,0,0
20,11,1,"[2, 1]",1,3000,1000,6,12,25011,6,1,0,6,1020.0,11,1.0,3,0,0
20,12,1,"[2, 1]",0,3000,1000,6,12,43001,12,0,12,0,,12,1.0,4,0,0
20,13,1,"[2, 1]",1,3000,1000,6,12,24106,6,1,0,6,837.0,13,0.0,5,0,0
20,14,1,"[2, 1]",1,3000,1000,6,12,23220,6,1,0,6,971.0,14,1.0,6,0,0
20,15,1,"[2, 1]",1,3000,1000,6,12,23826,6,1,0,6,1034.0,15,1.0,7,0,0
20,16,1,"[2, 1]",1,3000,1000,6,12,24165,6,1,0,6,884.0,16,1.0,8,0,1
21,1,2,"[2, 1]",1,1000,3000,6,12,48407,6,1,0,6,1378.0,1,,1,1,0
21,2,2,"[2, 1]",0,1000,3000,6,12,15872,12,0,12,0,,2,1.0,2,0,0
21,3,2,"[2, 1]",0,1000,3000,6,12,15689,12,0,12,0,,3,0.0,3,0,0
21,4,2,"[2, 1]",0,1000,3000,6,12,15506,12,0,12,0,,4,0.0,4,0,0
21,5,2,"[2, 1]",0,1000,3000,6,12,15448,12,0,12,0,,5,0.0,5,0,0
21,6,2,"[2, 1]",0,1000,3000,6,12,15701,12,0,12,0,,6,0.0,6,0,0
21,7,2,"[2, 1]",1,1000,3000,6,12,51506,6,1,0,6,1188.0,7,0.0,7,0,0
21,8,2,"[2, 1]",0,1000,3000,6,12,15253,12,0,12,0,,8,1.0,8,0,1
21,9,1,"[2, 1]",0,3000,1000,6,12,42834,12,0,12,0,,9,0.0,1,1,0
21,10,1,"[2, 1]",1,3000,1000,6,12,25823,6,1,0,6,927.0,10,0.0,2,0,0
21,11,1,"[2, 1]",1,3000,1000,6,12,25040,6,1,0,6,826.0,11,1.0,3,0,0
21,12,1,"[2, 1]",1,3000,1000,6,12,21599,6,1,0,6,539.0,12,1.0,4,0,0
21,13,1,"[2, 1]",1,3000,1000,6,12,23346,6,1,0,6,547.0,13,1.0,5,0,0
21,14,1,"[2, 1]",1,3000,1000,6,12,22574,6,1,0,6,471.0,14,1.0,6,0,0
21,15,1,"[2, 1]",1,3000,1000,6,12,22686,6,1,0,6,457.0,15,1.0,7,0,0
21,16,1,"[2, 1]",1,3000,1000,6,12,22802,6,1,0,6,572.0,16,1.0,8,0,1
22,1,2,"[2, 1]",1,1000,3000,6,12,59002,6,1,0,6,4024.0,1,,1,1,0
22,2,2,"[2, 1]",0,1000,3000,6,12,18731,12,0,12,0,,2,1.0,2,0,0
22,3,2,"[2, 1]",0,1000,3000,6,12,15490,12,0,12,0,,3,0.0,3,0,0
22,4,2,"[2, 1]",0,1000,3000,6,12,15542,12,0,12,0,,4,0.0,4,0,0
22,5,2,"[2, 1]",0,1000,3000,6,12,17274,12,0,12,0,,5,0.0,5,0,0
22,6,2,"[2, 1]",0,1000,3000,6,12,18774,12,0,12,0,,6,0.0,6,0,0
22,7,2,"[2, 1]",0,1000,3000,6,12,14845,12,0,12,0,,7,0.0,7,0,0
22,8,2,"[2, 1]",0,1000,3000,6,12,15197,12,0,12,0,,8,0.0,8,0,1
22,9,1,"[2, 1]",0,3000,1000,6,12,43958,12,0,12,0,,9,0.0,1,1,0
22,10,1,"[2, 1]",0,3000,1000,6,12,41817,12,0,12,0,,10,0.0,2,0,0
22,11,1,"[2, 1]",0,3000,1000,6,12,49084,12,0,12,0,,11,0.0,3,0,0
22,12,1,"[2, 1]",1,3000,1000,6,12,31226,6,1,0,6,1388.0,12,0.0,4,0,0
22,13,1,"[2, 1]",1,3000,1000,6,12,27813,6,1,0,6,1464.0,13,1.0,5,0,0
22,14,1,"[2, 1]",1,3000,1000,6,12,23654,6,1,0,6,1520.0,14,1.0,6,0,0
22,15,1,"[2, 1]",1,3000,1000,6,12,26970,6,1,0,6,690.0,15,1.0,7,0,0
22,16,1,"[2, 1]",1,3000,1000,6,12,27960,6,1,0,6,1180.0,16,1.0,8,0,1
23,1,1,"[1, 2]",1,3000,1000,6,12,21521,6,1,0,6,806.0,1,,1,1,0
23,2,1,"[1, 2]",0,3000,1000,6,12,42268,12,0,12,0,,2,1.0,2,0,0
23,3,1,"[1, 2]",1,3000,1000,6,12,25414,6,1,0,6,2054.0,3,0.0,3,0,0
23,4,1,"[1, 2]",1,3000,1000,6,12,20643,6,1,0,6,503.0,4,1.0,4,0,0
23,5,1,"[1, 2]",1,3000,1000,6,12,23285,6,1,0,6,1060.0,5,1.0,5,0,0
23,6,1,"[1, 2]",1,3000,1000,6,12,20295,6,1,0,6,554.0,6,1.0,6,0,0
23,7,1,"[1, 2]",1,3000,1000,6,12,22036,6,1,0,6,1027.0,7,1.0,7,0,0
23,8,1,"[1, 2]",1,3000,1000,6,12,19716,6,1,0,6,702.0,8,1.0,8,0,1
23,9,2,"[1, 2]",1,1000,3000,6,12,44726,6,1,0,6,621.0,9,1.0,1,1,0
23,10,2,"[1, 2]",0,1000,3000,6,12,16706,12,0,12,0,,10,1.0,2,0,0
23,11,2,"[1, 2]",0,1000,3000,6,12,18509,12,0,12,0,,11,0.0,3,0,0
23,12,2,"[1, 2]",0,1000,3000,6,12,18963,12,0,12,0,,12,0.0,4,0,0
23,13,2,"[1, 2]",0,1000,3000,6,12,18040,12,0,12,0,,13,0.0,5,0,0
23,14,2,"[1, 2]",0,1000,3000,6,12,20696,12,0,12,0,,14,0.0,6,0,0
23,15,2,"[1, 2]",0,1000,3000,6,12,18940,12,0,12,0,,15,0.0,7,0,0
23,16,2,"[1, 2]",0,1000,3000,6,12,19950,12,0,12,0,,16,0.0,8,0,1
24,1,2,"[2, 1]",0,1000,3000,6,12,15953,12,0,12,0,,1,,1,1,0
24,2,2,"[2, 1]",0,1000,3000,6,12,14910,12,0,12,0,,2,0.0,2,0,0
24,3,2,"[2, 1]",1,1000,3000,6,12,45924,6,1,0,6,704.0,3,0.0,3,0,0
24,4,2,"[2, 1]",0,1000,3000,6,12,14931,12,0,12,0,,4,1.0,4,0,0
24,5,2,"[2, 1]",0,1000,3000,6,12,14414,12,0,12,0,,5,0.0,5,0,0
24,6,2,"[2, 1]",0,1000,3000,6,12,17018,12,0,12,0,,6,0.0,6,0,0
24,7,2,"[2, 1]",1,1000,3000,6,12,44539,6,1,0,6,720.0,7,0.0,7,0,0
24,8,2,"[2, 1]",0,1000,3000,6,12,17160,12,0,12,0,,8,1.0,8,0,1
24,9,1,"[2, 1]",1,3000,1000,6,12,21963,6,1,0,6,1554.0,9,0.0,1,1,0
24,10,1,"[2, 1]",1,3000,1000,6,12,21888,6,1,0,6,1422.0,10,1.0,2,0,0
24,11,1,"[2, 1]",0,3000,1000,6,12,41744,12,0,12,0,,11,1.0,3,0,0
24,12,1,"[2, 1]",0,3000,1000,6,12,41636,12,0,12,0,,12,0.0,4,0,0
24,13,1,"[2, 1]",1,3000,1000,6,12,20347,6,1,0,6,662.0,13,0.0,5,0,0
24,14,1,"[2, 1]",1,3000,1000,6,12,19762,6,1,0,6,598.0,14,1.0,6,0,0
24,15,1,"[2, 1]",1,3000,1000,6,12,19881,6,1,0,6,642.0,15,1.0,7,0,0
24,16,1,"[2, 1]",1,3000,1000,6,12,20251,6,1,0,6,941.0,16,1.0,8,0,1
25,1,1,"[1, 2]",0,3000,1000,6,12,54864,12,0,12,0,,1,,1,1,0
25,2,1,"[1, 2]",1,3000,1000,6,12,18128,6,1,0,6,1570.0,2,0.0,2,0,0
25,3,1,"[1, 2]",1,3000,1000,6,12,17035,6,1,0,6,570.0,3,1.0,3,0,0
25,4,1,"[1, 2]",1,3000,1000,6,12,18025,6,1,0,6,347.0,4,1.0,4,0,0
25,5,1,"[1, 2]",1,3000,1000,6,12,17074,6,1,0,6,262.0,5,1.0,5,0,0
25,6,1,"[1, 2]",1,3000,1000,6,12,16508,6,1,0,6,490.0,6,1.0,6,0,0
25,7,1,"[1, 2]",1,3000,1000,6,12,17125,6,1,0,6,438.0,7,1.0,7,0,0
25,8,1,"[1, 2]",1,3000,1000,6,12,16475,6,1,0,6,226.0,8,1.0,8,0,1
25,9,2,"[1, 2]",1,1000,3000,6,12,42371,6,1,0,6,368.0,9,1.0,1,1,0
25,10,2,"[1, 2]",0,1000,3000,6,12,14810,12,0,12,0,,10,1.0,2,0,0
25,11,2,"[1, 2]",0,1000,3000,6,12,14827,12,0,12,0,,11,0.0,3,0,0
25,12,2,"[1, 2]",0,1000,3000,6,12,14784,12,0,12,0,,12,0.0,4,0,0
25,13,2,"[1, 2]",0,1000,3000,6,12,14886,12,0,12,0,,13,0.0,5,0,0
25,14,2,"[1, 2]",0,1000,3000,6,12,14570,12,0,12,0,,14,0.0,6,0,0
25,15,2,"[1, 2]",0,1000,3000,6,12,14476,12,0,12,0,,15,0.0,7,0,0
25,16,2,"[1, 2]",0,1000,3000,6,12,14601,12,0,12,0,,16,0.0,8,0,1
26,1,1,"[1, 2]",1,3000,1000,6,12,22271,6,1,0,6,842.0,1,,1,1,0
26,2,1,"[1, 2]",0,3000,1000,6,12,41005,12,0,12,0,,2,1.0,2,0,0
26,3,1,"[1, 2]",1,3000,1000,6,12,21071,6,1,0,6,659.0,3,0.0,3,0,0
26,4,1,"[1, 2]",0,3000,1000,6,12,41306,12,0,12,0,,4,1.0,4,0,0
26,5,1,"[1, 2]",1,3000,1000,6,12,21939,6,1,0,6,825.0,5,0.0,5,0,0
26,6,1,"[1, 2]",0,3000,1000,6,12,41255,12,0,12,0,,6,1.0,6,0,0
26,7,1,"[1, 2]",0,3000,1000,6,12,42623,12,0,12,0,,7,0.0,7,0,0
26,8,1,"[1, 2]",1,3000,1000,6,12,21140,6,1,0,6,641.0,8,0.0,8,0,1
26,9,2,"[1, 2]",0,1000,3000,6,12,18405,12,0,12,0,,9,1.0,1,1,0
26,10,2,"[1, 2]",1,1000,3000,6,12,44138,6,1,0,6,692.0,10,0.0,2,0,0
26,11,2,"[1, 2]",0,1000,3000,6,12,17622,12,0,12,0,,11,1.0,3,0,0
26,12,2,"[1, 2]",0,1000,3000,6,12,17256,12,0,12,0,,12,0.0,4,0,0
26,13,2,"[1, 2]",0,1000,3000,6,12,16973,12,0,12,0,,13,0.0,5,0,0
26,14,2,"[1, 2]",0,1000,3000,6,12,16872,12,0,12,0,,14,0.0,6,0,0
26,15,2,"[1, 2]",1,1000,3000,6,12,53206,6,1,0,6,808.0,15,0.0,7,0,0
26,16,2,"[1, 2]",0,1000,3000,6,12,17840,12,0,12,0,,16,1.0,8,0,1
27,1,2,"[2, 1]",1,1000,3000,6,12,46111,6,1,0,6,470.0,1,,1,1,0
27,2,2,"[2, 1]",0,1000,3000,6,12,17845,12,0,12,0,,2,1.0,2,0,0
27,3,2,"[2, 1]",0,1000,3000,6,12,16035,12,0,12,0,,3,0.0,3,0,0
27,4,2,"[2, 1]",0,1000,3000,6,12,16867,12,0,12,0,,4,0.0,4,0,0
27,5,2,"[2, 1]",0,1000,3000,6,12,16968,12,0,12,0,,5,0.0,5,0,0
27,6,2,"[2, 1]",0,1000,3000,6,12,15870,12,0,12,0,,6,0.0,6,0,0
27,7,2,"[2, 1]",0,1000,3000,6,12,15785,12,0,12,0,,7,0.0,7,0,0
27,8,2,"[2, 1]",0,1000,3000,6,12,19215,12,0,12,0,,8,0.0,8,0,1
27,9,1,"[2, 1]",1,3000,1000,6,12,18843,6,1,0,6,1036.0,9,0.0,1,1,0
27,10,1,"[2, 1]",0,3000,1000,6,12,40409,12,0,12,0,,10,1.0,2,0,0
27,11,1,"[2, 1]",1,3000,1000,6,12,18858,6,1,0,6,370.0,11,0.0,3,0,0
27,12,1,"[2, 1]",1,3000,1000,6,12,19219,6,1,0,6,420.0,12,1.0,4,0,0
27,13,1,"[2, 1]",1,3000,1000,6,12,18800,6,1,0,6,440.0,13,1.0,5,0,0
27,14,1,"[2, 1]",1,3000,1000,6,12,20225,6,1,0,6,1014.0,14,1.0,6,0,0
27,15,1,"[2, 1]",1,3000,1000,6,12,18597,6,1,0,6,503.0,15,1.0,7,0,0
27,16,1,"[2, 1]",1,3000,1000,6,12,18601,6,1,0,6,824.0,16,1.0,8,0,1
28,1,1,"[1, 2]",1,3000,1000,6,12,27935,6,1,0,6,1559.0,1,,1,1,0
28,2,1,"[1, 2]",0,3000,1000,6,12,39749,12,0,12,0,,2,1.0,2,0,0
28,3,1,"[1, 2]",1,3000,1000,6,12,26634,6,1,0,6,1174.0,3,0.0,3,0,0
28,4,1,"[1, 2]",1,3000,1000,6,12,28918,6,1,0,6,1654.0,4,1.0,4,0,0
28,5,1,"[1, 2]",1,3000,1000,6,12,30587,6,1,0,6,1527.0,5,1.0,5,0,0
28,6,1,"[1, 2]",1,3000,1000,6,12,27884,6,1,0,6,967.0,6,1.0,6,0,0
28,7,1,"[1, 2]",0,3000,1000,6,12,41559,12,0,12,0,,7,1.0,7,0,0
28,8,1,"[1, 2]",1,3000,1000,6,12,28285,6,1,0,6,1221.0,8,0.0,8,0,1
28,9,2,"[1, 2]",0,1000,3000,6,12,19387,12,0,12,0,,9,1.0,1,1,0
28,10,2,"[1, 2]",1,1000,3000,6,12,48650,6,1,0,6,967.0,10,0.0,2,0,0
28,11,2,"[1, 2]",0,1000,3000,6,12,16899,12,0,12,0,,11,1.0,3,0,0
28,12,2,"[1, 2]",0,1000,3000,6,12,18054,12,0,12,0,,12,0.0,4,0,0
28,13,2,"[1, 2]",1,1000,3000,6,12,47598,6,1,0,6,841.0,13,0.0,5,0,0
28,14,2,"[1, 2]",0,1000,3000,6,12,18471,12,0,12,0,,14,1.0,6,0,0
28,15,2,"[1, 2]",0,1000,3000,6,12,18778,12,0,12,0,,15,0.0,7,0,0
28,16,2,"[1, 2]",0,1000,3000,6,12,20218,12,0,12,0,,16,0.0,8,0,1
29,1,1,"[1, 2]",1,3000,1000,6,12,46303,6,1,0,6,17079.0,1,,1,1,0
29,2,1,"[1, 2]",0,3000,1000,6,12,46650,12,0,12,0,,2,1.0,2,0,0
29,3,1,"[1, 2]",0,3000,1000,6,12,39031,12,0,12,0,,3,0.0,3,0,0
29,4,1,"[1, 2]",1,3000,1000,6,12,27960,6,1,0,6,1565.0,4,0.0,4,0,0
29,5,1,"[1, 2]",1,3000,1000,6,12,27241,6,1,0,6,2040.0,5,1.0,5,0,0
29,6,1,"[1, 2]",1,3000,1000,6,12,27575,6,1,0,6,1656.0,6,1.0,6,0,0
29,7,1,"[1, 2]",1,3000,1000,6,12,25694,6,1,0,6,1255.0,7,1.0,7,0,0
29,8,1,"[1, 2]",1,3000,1000,6,12,27145,6,1,0,6,1406.0,8,1.0,8,0,1
29,9,2,"[1, 2]",1,1000,3000,6,12,57667,6,1,0,6,4141.0,9,1.0,1,1,0
29,10,2,"[1, 2]",1,1000,3000,6,12,56459,6,1,0,6,1941.0,10,1.0,2,0,0
29,11,2,"[1, 2]",0,1000,3000,6,12,13991,12,0,12,0,,11,1.0,3,0,0
29,12,2,"[1, 2]",0,1000,3000,6,12,14732,12,0,12,0,,12,0.0,4,0,0
29,13,2,"[1, 2]",0,1000,3000,6,12,13975,12,0,12,0,,13,0.0,5,0,0
29,14,2,"[1, 2]",0,1000,3000,6,12,14094,12,0,12,0,,14,0.0,6,0,0
29,15,2,"[1, 2]",0,1000,3000,6,12,14132,12,0,12,0,,15,0.0,7,0,0
29,16,2,"[1, 2]",0,1000,3000,6,12,15451,12,0,12,0,,16,0.0,8,0,1
30,1,2,"[2, 1]",0,1000,3000,6,12,14753,12,0,12,0,,1,,1,1,0
30,2,2,"[2, 1]",1,1000,3000,6,12,46983,6,1,0,6,884.0,2,0.0,2,0,0
30,3,2,"[2, 1]",0,1000,3000,6,12,14620,12,0,12,0,,3,1.0,3,0,0
30,4,2,"[2, 1]",0,1000,3000,6,12,13833,12,0,12,0,,4,0.0,4,0,0
30,5,2,"[2, 1]",0,1000,3000,6,12,14524,12,0,12,0,,5,0.0,5,0,0
30,6,2,"[2, 1]",0,1000,3000,6,12,14457,12,0,12,0,,6,0.0,6,0,0
30,7,2,"[2, 1]",0,1000,3000,6,12,14594,12,0,12,0,,7,0.0,7,0,0
30,8,2,"[2, 1]",0,1000,3000,6,12,14341,12,0,12,0,,8,0.0,8,0,1
30,9,1,"[2, 1]",1,3000,1000,6,12,19907,6,1,0,6,555.0,9,0.0,1,1,0
30,10,1,"[2, 1]",0,3000,1000,6,12,37907,12,0,12,0,,10,1.0,2,0,0
30,11,1,"[2, 1]",1,3000,1000,6,12,19103,6,1,0,6,553.0,11,0.0,3,0,0
30,12,1,"[2, 1]",1,3000,1000,6,12,18774,6,1,0,6,421.0,12,1.0,4,0,0
30,13,1,"[2, 1]",1,3000,1000,6,12,18691,6,1,0,6,396.0,13,1.0,5,0,0
30,14,1,"[2, 1]",1,3000,1000,6,12,18427,6,1,0,6,353.0,14,1.0,6,0,0
30,15,1,"[2, 1]",1,3000,1000,6,12,18749,6,1,0,6,368.0,15,1.0,7,0,0
30,16,1,"[2, 1]",1,3000,1000,6,12,19074,6,1,0,6,382.0,16,1.0,8,0,1
31,1,1,"[1, 2]",0,3000,1000,6,12,48348,12,0,12,0,,1,,1,1,0
31,2,1,"[1, 2]",1,3000,1000,6,12,24746,6,1,0,6,1462.0,2,0.0,2,0,0
31,3,1,"[1, 2]",0,3000,1000,6,12,48253,12,0,12,0,,3,1.0,3,0,0
31,4,1,"[1, 2]",0,3000,1000,6,12,47122,12,0,12,0,,4,0.0,4,0,0
31,5,1,"[1, 2]",0,3000,1000,6,12,46093,12,0,12,0,,5,0.0,5,0,0
31,6,1,"[1, 2]",0,3000,1000,6,12,47223,12,0,12,0,,6,0.0,6,0,0
31,7,1,"[1, 2]",0,3000,1000,6,12,45524,12,0,12,0,,7,0.0,7,0,0
31,8,1,"[1, 2]",0,3000,1000,6,12,48269,12,0,12,0,,8,0.0,8,0,1
31,9,2,"[1, 2]",1,1000,3000,6,12,48254,6,1,0,6,775.0,9,0.0,1,1,0
31,10,2,"[1, 2]",0,1000,3000,6,12,15753,12,0,12,0,,10,1.0,2,0,0
31,11,2,"[1, 2]",1,1000,3000,6,12,44883,6,1,0,6,628.0,11,0.0,3,0,0
31,12,2,"[1, 2]",0,1000,3000,6,12,40788,12,0,12,0,,12,1.0,4,0,0
31,13,2,"[1, 2]",0,1000,3000,6,12,17028,12,0,12,0,,13,0.0,5,0,0
31,14,2,"[1, 2]",1,1000,3000,6,12,51793,6,1,0,6,3408.0,14,0.0,6,0,0
31,15,2,"[1, 2]",0,1000,3000,6,12,30276,12,0,12,0,,15,1.0,7,0,0
31,16,2,"[1, 2]",0,1000,3000,6,12,26869,12,0,12,0,,16,0.0,8,0,1
32,1,2,"[2, 1]",0,1000,3000,6,12,22047,12,0,12,0,,1,,1,1,0
32,2,2,"[2, 1]",0,1000,3000,6,12,19402,12,0,12,0,,2,0.0,2,0,0
32,3,2,"[2, 1]",1,1000,3000,6,12,62538,6,1,0,6,1715.0,3,0.0,3,0,0
32,4,2,"[2, 1]",0,1000,3000,6,12,21106,12,0,12,0,,4,1.0,4,0,0
32,5,2,"[2, 1]",0,1000,3000,6,12,21094,12,0,12,0,,5,0.0,5,0,0
32,6,2,"[2, 1]",0,1000,3000,6,12,21348,12,0,12,0,,6,0.0,6,0,0
32,7,2,"[2, 1]",0,1000,3000,6,12,20881,12,0,12,0,,7,0.0,7,0,0
32,8,2,"[2, 1]",0,1000,3000,6,12,21079,12,0,12,0,,8,0.0,8,0,1
32,9,1,"[2, 1]",0,3000,1000,6,12,44775,12,0,12,0,,9,0.0,1,1,0
32,10,1,"[2, 1]",1,3000,1000,6,12,39653,6,1,0,6,2502.0,10,0.0,2,0,0
32,11,1,"[2, 1]",0,3000,1000,6,12,45545,12,0,12,0,,11,1.0,3,0,0
32,12,1,"[2, 1]",0,3000,1000,6,12,45244,12,0,12,0,,12,0.0,4,0,0
32,13,1,"[2, 1]",0,3000,1000,6,12,45158,12,0,12,0,,13,0.0,5,0,0
32,14,1,"[2, 1]",0,3000,1000,6,12,46477,12,0,12,0,,14,0.0,6,0,0
32,15,1,"[2, 1]",0,3000,1000,6,12,45841,12,0,12,0,,15,0.0,7,0,0
32,16,1,"[2, 1]",0,3000,1000,6,12,45183,12,0,12,0,,16,0.0,8,0,1
33,1,1,"[1, 2]",1,3000,1000,6,12,22469,6,1,0,6,1089.0,1,,1,1,0
33,2,1,"[1, 2]",0,3000,1000,6,12,43045,12,0,12,0,,2,1.0,2,0,0
33,3,1,"[1, 2]",1,3000,1000,6,12,18749,6,1,0,6,592.0,3,0.0,3,0,0
33,4,1,"[1, 2]",1,3000,1000,6,12,19765,6,1,0,6,1219.0,4,1.0,4,0,0
33,5,1,"[1, 2]",1,3000,1000,6,12,20192,6,1,0,6,1718.0,5,1.0,5,0,0
33,6,1,"[1, 2]",1,3000,1000,6,12,18282,6,1,0,6,604.0,6,1.0,6,0,0
33,7,1,"[1, 2]",1,3000,1000,6,12,19095,6,1,0,6,649.0,7,1.0,7,0,0
33,8,1,"[1, 2]",1,3000,1000,6,12,18339,6,1,0,6,593.0,8,1.0,8,0,1
33,9,2,"[1, 2]",1,1000,3000,6,12,44353,6,1,0,6,581.0,9,1.0,1,1,0
33,10,2,"[1, 2]",0,1000,3000,6,12,17043,12,0,12,0,,10,1.0,2,0,0
33,11,2,"[1, 2]",0,1000,3000,6,12,18153,12,0,12,0,,11,0.0,3,0,0
33,12,2,"[1, 2]",0,1000,3000,6,12,21531,12,0,12,0,,12,0.0,4,0,0
33,13,2,"[1, 2]",0,1000,3000,6,12,18656,12,0,12,0,,13,0.0,5,0,0
33,14,2,"[1, 2]",1,1000,3000,6,12,42624,6,1,0,6,1115.0,14,0.0,6,0,0
33,15,2,"[1, 2]",0,1000,3000,6,12,17893,12,0,12,0,,15,1.0,7,0,0
33,16,2,"[1, 2]",0,1000,3000,6,12,16417,12,0,12,0,,16,0.0,8,0,1
34,1,2,"[2, 1]",1,1000,3000,6,12,47215,6,1,0,6,1090.0,1,,1,1,0
34,2,2,"[2, 1]",0,1000,3000,6,12,14761,12,0,12,0,,2,1.0,2,0,0
34,3,2,"[2, 1]",0,1000,3000,6,12,14925,12,0,12,0,,3,0.0,3,0,0
34,4,2,"[2, 1]",0,1000,3000,6,12,15099,12,0,12,0,,4,0.0,4,0,0
34,5,2,"[2, 1]",0,1000,3000,6,12,16324,12,0,12,0,,5,0.0,5,0,0
34,6,2,"[2, 1]",0,1000,3000,6,12,20511,12,0,12,0,,6,0.0,6,0,0
34,7,2,"[2, 1]",0,1000,3000,6,12,22093,12,0,12,0,,7,0.0,7,0,0
34,8,2,"[2, 1]",0,1000,3000,6,12,18249,12,0,12,0,,8,0.0,8,0,1
34,9,1,"[2, 1]",0,3000,1000,6,12,40216,12,0,12,0,,9,0.0,1,1,0
34,10,1,"[2, 1]",1,3000,1000,6,12,22433,6,1,0,6,884.0,10,0.0,2,0,0
34,11,1,"[2, 1]",1,3000,1000,6,12,21417,6,1,0,6,934.0,11,1.0,3,0,0
34,12,1,"[2, 1]",1,3000,1000,6,12,21387,6,1,0,6,1281.0,12,1.0,4,0,0
34,13,1,"[2, 1]",1,3000,1000,6,12,20069,6,1,0,6,818.0,13,1.0,5,0,0
34,14,1,"[2, 1]",1,3000,1000,6,12,20748,6,1,0,6,438.0,14,1.0,6,0,0
34,15,1,"[2, 1]",1,3000,1000,6,12,24267,6,1,0,6,597.0,15,1.0,7,0,0
34,16,1,"[2, 1]",1,3000,1000,6,12,23780,6,1,0,6,1138.0,16,1.0,8,0,1
35,1,1,"[1, 2]",0,3000,1000,6,12,39934,12,0,12,0,,1,,1,1,0
35,2,1,"[1, 2]",1,3000,1000,6,12,21308,6,1,0,6,614.0,2,0.0,2,0,0
35,3,1,"[1, 2]",1,3000,1000,6,12,22715,6,1,0,6,612.0,3,1.0,3,0,0
35,4,1,"[1, 2]",1,3000,1000,6,12,24712,6,1,0,6,553.0,4,1.0,4,0,0
35,5,1,"[1, 2]",1,3000,1000,6,12,22344,6,1,0,6,460.0,5,1.0,5,0,0
35,6,1,"[1, 2]",1,3000,1000,6,12,23651,6,1,0,6,743.0,6,1.0,6,0,0
35,7,1,"[1, 2]",1,3000,1000,6,12,22128,6,1,0,6,471.0,7,1.0,7,0,0
35,8,1,"[1, 2]",1,3000,1000,6,12,21177,6,1,0,6,509.0,8,1.0,8,0,1
35,9,2,"[1, 2]",1,1000,3000,6,12,46971,6,1,0,6,769.0,9,1.0,1,1,0
35,10,2,"[1, 2]",0,1000,3000,6,12,14070,12,0,12,0,,10,1.0,2,0,0
35,11,2,"[1, 2]",0,1000,3000,6,12,13258,12,0,12,0,,11,0.0,3,0,0
35,12,2,"[1, 2]",0,1000,3000,6,12,13388,12,0,12,0,,12,0.0,4,0,0
35,13,2,"[1, 2]",0,1000,3000,6,12,13957,12,0,12,0,,13,0.0,5,0,0
35,14,2,"[1, 2]",0,1000,3000,6,12,13663,12,0,12,0,,14,0.0,6,0,0
35,15,2,"[1, 2]",0,1000,3000,6,12,13618,12,0,12,0,,15,0.0,7,0,0
35,16,2,"[1, 2]",0,1000,3000,6,12,13115,12,0,12,0,,16,0.0,8,0,1
36,1,2,"[2, 1]",1,1000,3000,6,12,60702,6,1,0,6,2704.0,1,,1,1,0
36,2,2,"[2, 1]",0,1000,3000,6,12,19024,12,0,12,0,,2,1.0,2,0,0
36,3,2,"[2, 1]",0,1000,3000,6,12,22736,12,0,12,0,,3,0.0,3,0,0
36,4,2,"[2, 1]",0,1000,3000,6,12,24412,12,0,12,0,,4,0.0,4,0,0
36,5,2,"[2, 1]",1,1000,3000,6,12,65211,6,1,0,6,613.0,5,0.0,5,0,0
36,6,2,"[2, 1]",0,1000,3000,6,12,19362,12,0,12,0,,6,1.0,6,0,0
36,7,2,"[2, 1]",1,1000,3000,6,12,71716,6,1,0,6,7321.0,7,0.0,7,0,0
36,8,2,"[2, 1]",1,1000,3000,6,12,68665,6,1,0,6,1579.0,8,1.0,8,0,1
36,9,1,"[2, 1]",1,3000,1000,6,12,32543,6,1,0,6,1754.0,9,1.0,1,1,0
36,10,1,"[2, 1]",0,3000,1000,6,12,46795,12,0,12,0,,10,1.0,2,0,0
36,11,1,"[2, 1]",1,3000,1000,6,12,29312,6,1,0,6,1268.0,11,0.0,3,0,0
36,12,1,"[2, 1]",1,3000,1000,6,12,33145,6,1,0,6,1556.0,12,1.0,4,0,0
36,13,1,"[2, 1]",1,3000,1000,6,12,33070,6,1,0,6,1714.0,13,1.0,5,0,0
36,14,1,"[2, 1]",1,3000,1000,6,12,32302,6,1,0,6,1863.0,14,1.0,6,0,0
36,15,1,"[2, 1]",1,3000,1000,6,12,38681,6,1,0,6,4452.0,15,1.0,7,0,0
36,16,1,"[2, 1]",1,3000,1000,6,12,33573,6,1,0,6,2271.0,16,1.0,8,0,1
37,1,2,"[2, 1]",0,1000,3000,6,12,17740,12,0,12,0,,1,,1,1,0
37,2,2,"[2, 1]",1,1000,3000,6,12,47505,6,1,0,6,1159.0,2,0.0,2,0,0
37,3,2,"[2, 1]",0,1000,3000,6,12,16272,12,0,12,0,,3,1.0,3,0,0
37,4,2,"[2, 1]",0,1000,3000,6,12,18111,12,0,12,0,,4,0.0,4,0,0
37,5,2,"[2, 1]",1,1000,3000,6,12,46154,6,1,0,6,1557.0,5,0.0,5,0,0
37,6,2,"[2, 1]",0,1000,3000,6,12,19737,12,0,12,0,,6,1.0,6,0,0
37,7,2,"[2, 1]",0,1000,3000,6,12,16989,12,0,12,0,,7,0.0,7,0,0
37,8,2,"[2, 1]",0,1000,3000,6,12,22840,12,0,12,0,,8,0.0,8,0,1
37,9,1,"[2, 1]",0,3000,1000,6,12,41440,12,0,12,0,,9,0.0,1,1,0
37,10,1,"[2, 1]",1,3000,1000,6,12,20334,6,1,0,6,975.0,10,0.0,2,0,0
37,11,1,"[2, 1]",1,3000,1000,6,12,21656,6,1,0,6,2991.0,11,1.0,3,0,0
37,12,1,"[2, 1]",1,3000,1000,6,12,21356,6,1,0,6,658.0,12,1.0,4,0,0
37,13,1,"[2, 1]",1,3000,1000,6,12,20238,6,1,0,6,491.0,13,1.0,5,0,0
37,14,1,"[2, 1]",1,3000,1000,6,12,20155,6,1,0,6,775.0,14,1.0,6,0,0
37,15,1,"[2, 1]",1,3000,1000,6,12,19573,6,1,0,6,542.0,15,1.0,7,0,0
37,16,1,"[2, 1]",1,3000,1000,6,12,28355,6,1,0,6,692.0,16,1.0,8,0,1
38,1,2,"[2, 1]",0,1000,3000,6,12,17112,12,0,12,0,,1,,1,1,0
38,2,2,"[2, 1]",0,1000,3000,6,12,16847,12,0,12,0,,2,0.0,2,0,0
38,3,2,"[2, 1]",1,1000,3000,6,12,48972,6,1,0,6,736.0,3,0.0,3,0,0
38,4,2,"[2, 1]",0,1000,3000,6,12,18272,12,0,12,0,,4,1.0,4,0,0
38,5,2,"[2, 1]",0,1000,3000,6,12,18120,12,0,12,0,,5,0.0,5,0,0
38,6,2,"[2, 1]",0,1000,3000,6,12,17007,12,0,12,0,,6,0.0,6,0,0
38,7,2,"[2, 1]",0,1000,3000,6,12,17048,12,0,12,0,,7,0.0,7,0,0
38,8,2,"[2, 1]",0,1000,3000,6,12,17105,12,0,12,0,,8,0.0,8,0,1
38,9,1,"[2, 1]",0,3000,1000,6,12,43647,12,0,12,0,,9,0.0,1,1,0
38,10,1,"[2, 1]",1,3000,1000,6,12,24330,6,1,0,6,1181.0,10,0.0,2,0,0
38,11,1,"[2, 1]",1,3000,1000,6,12,23457,6,1,0,6,773.0,11,1.0,3,0,0
38,12,1,"[2, 1]",1,3000,1000,6,12,21935,6,1,0,6,989.0,12,1.0,4,0,0
38,13,1,"[2, 1]",1,3000,1000,6,12,22277,6,1,0,6,1093.0,13,1.0,5,0,0
38,14,1,"[2, 1]",0,3000,1000,6,12,42585,12,0,12,0,,14,1.0,6,0,0
38,15,1,"[2, 1]",0,3000,1000,6,12,41798,12,0,12,0,,15,0.0,7,0,0
38,16,1,"[2, 1]",1,3000,1000,6,12,20206,6,1,0,6,558.0,16,0.0,8,0,1
39,1,1,"[1, 2]",1,3000,1000,6,12,20972,6,1,0,6,516.0,1,,1,1,0
39,2,1,"[1, 2]",1,3000,1000,6,12,18545,6,1,0,6,424.0,2,1.0,2,0,0
39,3,1,"[1, 2]",0,3000,1000,6,12,41533,12,0,12,0,,3,1.0,3,0,0
39,4,1,"[1, 2]",1,3000,1000,6,12,19747,6,1,0,6,403.0,4,0.0,4,0,0
39,5,1,"[1, 2]",1,3000,1000,6,12,18866,6,1,0,6,420.0,5,1.0,5,0,0
39,6,1,"[1, 2]",1,3000,1000,6,12,18641,6,1,0,6,351.0,6,1.0,6,0,0
39,7,1,"[1, 2]",1,3000,1000,6,12,19698,6,1,0,6,364.0,7,1.0,7,0,0
39,8,1,"[1, 2]",1,3000,1000,6,12,19189,6,1,0,6,413.0,8,1.0,8,0,1
39,9,2,"[1, 2]",1,1000,3000,6,12,44176,6,1,0,6,896.0,9,1.0,1,1,0
39,10,2,"[1, 2]",0,1000,3000,6,12,17336,12,0,12,0,,10,1.0,2,0,0
39,11,2,"[1, 2]",0,1000,3000,6,12,17547,12,0,12,0,,11,0.0,3,0,0
39,12,2,"[1, 2]",0,1000,3000,6,12,16528,12,0,12,0,,12,0.0,4,0,0
39,13,2,"[1, 2]",0,1000,3000,6,12,17484,12,0,12,0,,13,0.0,5,0,0
39,14,2,"[1, 2]",0,1000,3000,6,12,17466,12,0,12,0,,14,0.0,6,0,0
39,15,2,"[1, 2]",0,1000,3000,6,12,16503,12,0,12,0,,15,0.0,7,0,0
39,16,2,"[1, 2]",0,1000,3000,6,12,16844,12,0,12,0,,16,0.0,8,0,1
40,1,1,"[1, 2]",1,3000,1000,6,12,23388,6,1,0,6,642.0,1,,1,1,0
40,2,1,"[1, 2]",0,3000,1000,6,12,41489,12,0,12,0,,2,1.0,2,0,0
40,3,1,"[1, 2]",1,3000,1000,6,12,21855,6,1,0,6,693.0,3,0.0,3,0,0
40,4,1,"[1, 2]",1,3000,1000,6,12,20588,6,1,0,6,743.0,4,1.0,4,0,0
40,5,1,"[1, 2]",1,3000,1000,6,12,21324,6,1,0,6,675.0,5,1.0,5,0,0
40,6,1,"[1, 2]",1,3000,1000,6,12,19671,6,1,0,6,659.0,6,1.0,6,0,0
40,7,1,"[1, 2]",0,3000,1000,6,12,43307,12,0,12,0,,7,1.0,7,0,0
40,8,1,"[1, 2]",1,3000,1000,6,12,19604,6,1,0,6,559.0,8,0.0,8,0,1
40,9,2,"[1, 2]",0,1000,3000,6,12,17389,12,0,12,0,,9,1.0,1,1,0
40,10,2,"[1, 2]",1,1000,3000,6,12,47371,6,1,0,6,1692.0,10,0.0,2,0,0
40,11,2,"[1, 2]",0,1000,3000,6,12,17071,12,0,12,0,,11,1.0,3,0,0
40,12,2,"[1, 2]",0,1000,3000,6,12,20204,12,0,12,0,,12,0.0,4,0,0
40,13,2,"[1, 2]",0,1000,3000,6,12,16989,12,0,12,0,,13,0.0,5,0,0
40,14,2,"[1, 2]",0,1000,3000,6,12,19338,12,0,12,0,,14,0.0,6,0,0
40,15,2,"[1, 2]",0,1000,3000,6,12,17405,12,0,12,0,,15,0.0,7,0,0
40,16,2,"[1, 2]",1,1000,3000,6,12,46706,6,1,0,6,641.0,16,0.0,8,0,1
41,1,2,"[2, 1]",1,1000,3000,6,12,44395,6,1,0,6,1128.0,1,,1,1,0
41,2,2,"[2, 1]",0,1000,3000,6,12,14801,12,0,12,0,,2,1.0,2,0,0
41,3,2,"[2, 1]",0,1000,3000,6,12,14543,12,0,12,0,,3,0.0,3,0,0
41,4,2,"[2, 1]",0,1000,3000,6,12,13669,12,0,12,0,,4,0.0,4,0,0
41,5,2,"[2, 1]",0,1000,3000,6,12,14382,12,0,12,0,,5,0.0,5,0,0
41,6,2,"[2, 1]",0,1000,3000,6,12,14433,12,0,12,0,,6,0.0,6,0,0
41,7,2,"[2, 1]",0,1000,3000,6,12,14757,12,0,12,0,,7,0.0,7,0,0
41,8,2,"[2, 1]",0,1000,3000,6,12,14910,12,0,12,0,,8,0.0,8,0,1
41,9,1,"[2, 1]",0,3000,1000,6,12,38877,12,0,12,0,,9,0.0,1,1,0
41,10,1,"[2, 1]",1,3000,1000,6,12,20549,6,1,0,6,634.0,10,0.0,2,0,0
41,11,1,"[2, 1]",1,3000,1000,6,12,19728,6,1,0,6,584.0,11,1.0,3,0,0
41,12,1,"[2, 1]",1,3000,1000,6,12,20038,6,1,0,6,854.0,12,1.0,4,0,0
41,13,1,"[2, 1]",1,3000,1000,6,12,19424,6,1,0,6,662.0,13,1.0,5,0,0
41,14,1,"[2, 1]",1,3000,1000,6,12,18486,6,1,0,6,387.0,14,1.0,6,0,0
41,15,1,"[2, 1]",1,3000,1000,6,12,18662,6,1,0,6,461.0,15,1.0,7,0,0
41,16,1,"[2, 1]",1,3000,1000,6,12,18352,6,1,0,6,412.0,16,1.0,8,0,1
42,1,1,"[1, 2]",0,3000,1000,6,12,49521,12,0,12,0,,1,,1,1,0
42,2,1,"[1, 2]",1,3000,1000,6,12,33071,6,1,0,6,2335.0,2,0.0,2,0,0
42,3,1,"[1, 2]",1,3000,1000,6,12,26382,6,1,0,6,1238.0,3,1.0,3,0,0
42,4,1,"[1, 2]",0,3000,1000,6,12,49050,12,0,12,0,,4,1.0,4,0,0
42,5,1,"[1, 2]",0,3000,1000,6,12,46974,12,0,12,0,,5,0.0,5,0,0
42,6,1,"[1, 2]",1,3000,1000,6,12,24715,6,1,0,6,815.0,6,0.0,6,0,0
42,7,1,"[1, 2]",1,3000,1000,6,12,22343,6,1,0,6,746.0,7,1.0,7,0,0
42,8,1,"[1, 2]",1,3000,1000,6,12,22536,6,1,0,6,1060.0,8,1.0,8,0,1
42,9,2,"[1, 2]",1,1000,3000,6,12,49207,6,1,0,6,844.0,9,1.0,1,1,0
42,10,2,"[1, 2]",0,1000,3000,6,12,23951,12,0,12,0,,10,1.0,2,0,0
42,11,2,"[1, 2]",0,1000,3000,6,12,26216,12,0,12,0,,11,0.0,3,0,0
42,12,2,"[1, 2]",1,1000,3000,6,12,49463,6,1,0,6,1493.0,12,0.0,4,0,0
42,13,2,"[1, 2]",1,1000,3000,6,12,52115,6,1,0,6,791.0,13,1.0,5,0,0
42,14,2,"[1, 2]",0,1000,3000,6,12,31679,12,0,12,0,,14,1.0,6,0,0
42,15,2,"[1, 2]",0,1000,3000,6,12,25806,12,0,12,0,,15,0.0,7,0,0
42,16,2,"[1, 2]",1,1000,3000,6,12,49748,6,1,0,6,941.0,16,0.0,8,0,1
43,1,2,"[2, 1]",0,1000,3000,6,12,16489,12,0,12,0,,1,,1,1,0
43,2,2,"[2, 1]",1,1000,3000,6,12,46455,6,1,0,6,959.0,2,0.0,2,0,0
43,3,2,"[2, 1]",0,1000,3000,6,12,16139,12,0,12,0,,3,1.0,3,0,0
43,4,2,"[2, 1]",0,1000,3000,6,12,16771,12,0,12,0,,4,0.0,4,0,0
43,5,2,"[2, 1]",0,1000,3000,6,12,17255,12,0,12,0,,5,0.0,5,0,0
43,6,2,"[2, 1]",0,1000,3000,6,12,17323,12,0,12,0,,6,0.0,6,0,0
43,7,2,"[2, 1]",0,1000,3000,6,12,16772,12,0,12,0,,7,0.0,7,0,0
43,8,2,"[2, 1]",0,1000,3000,6,12,17655,12,0,12,0,,8,0.0,8,0,1
43,9,1,"[2, 1]",0,3000,1000,6,12,41623,12,0,12,0,,9,0.0,1,1,0
43,10,1,"[2, 1]",1,3000,1000,6,12,25007,6,1,0,6,1091.0,10,0.0,2,0,0
43,11,1,"[2, 1]",1,3000,1000,6,12,24405,6,1,0,6,1192.0,11,1.0,3,0,0
43,12,1,"[2, 1]",1,3000,1000,6,12,22055,6,1,0,6,709.0,12,1.0,4,0,0
43,13,1,"[2, 1]",1,3000,1000,6,12,22172,6,1,0,6,825.0,13,1.0,5,0,0
43,14,1,"[2, 1]",1,3000,1000,6,12,23788,6,1,0,6,725.0,14,1.0,6,0,0
43,15,1,"[2, 1]",1,3000,1000,6,12,21689,6,1,0,6,908.0,15,1.0,7,0,0
43,16,1,"[2, 1]",1,3000,1000,6,12,22472,6,1,0,6,676.0,16,1.0,8,0,1
